{
  "hash": "690f4d3d",
  "configHash": "0b2f319e",
  "lockfileHash": "27a3dfe4",
  "browserHash": "b39c9e55",
  "optimized": {
    "@angular/core": {
      "src": "../../../../../../node_modules/@angular/core/fesm2022/core.mjs",
      "file": "@angular_core.js",
      "fileHash": "4fbc77db",
      "needsInterop": false
    },
    "@angular/platform-browser": {
      "src": "../../../../../../node_modules/@angular/platform-browser/fesm2022/platform-browser.mjs",
      "file": "@angular_platform-browser.js",
      "fileHash": "8e67ccc7",
      "needsInterop": false
    },
    "@angular/router": {
      "src": "../../../../../../node_modules/@angular/router/fesm2022/router.mjs",
      "file": "@angular_router.js",
      "fileHash": "72d16f13",
      "needsInterop": false
    }
  },
  "chunks": {
    "chunk-2CN2KCXO": {
      "file": "chunk-2CN2KCXO.js"
    },
    "chunk-QOKRTG7E": {
      "file": "chunk-QOKRTG7E.js"
    }
  }
}